Workbook

Sheet s1
J10: sub1 | K10: sub2 | L10: sub3
I11: Rohan | J11: 50 | K11: 60 | L11: 70
I12: Amrita | J12: 59 | K12: 79 | L12: 87
I13: Sayan | J13: 70 | K13: 56 | L13: 87
I14: Dipa | J14: 40 | K14: 80 | L14: 65

Sheet s2
D10: sub1 | E10: sub2 | F10: sub3
C11: Rohan | D11: 50 | E11: 65 | F11: 70
C12: Amrita | D12: 90 | E12: 79 | F12: 98
C13: Sayan | D13: 70 | E13: 40 | F13: 87
C14: Dipa | D14: 40 | E14: 70 | F14: 49

Sheet s3
I7: sub1 | J7: sub2 | K7: sub3
H8: Rohan | I8: 79 | J8: 60 | K8: 70
H9: Amrita | I9: 59 | J9: 76 | K9: 87
H10: Sayan | I10: 40 | J10: 50 | K10: 87
H11: Dipa | I11: 40 | J11: 80 | K11: 89

Sheet 3dsum
G5: sub1 | H5: sub2 | I5: sub3
F6: Day-12 | G6: ='s1'!$J$11 -> 50 | H6: ='s1'!$K$11 -> 60 | I6: ='s1'!$L$11 -> 70
F7: Day-12 | G7: ='s2'!$D$11 -> 50 | H7: ='s2'!$E$11 -> 65 | I7: ='s2'!$F$11 -> 70
F8: Day-12 | G8: ='s3'!$I$8 -> 79 | H8: ='s3'!$J$8 -> 60 | I8: ='s3'!$K$8 -> 70
E9: Rohan | G9: =SUM(G6:G8) -> 179 | H9: =SUM(H6:H8) -> 185 | I9: =SUM(I6:I8) -> 210
F10: Day-12 | G10: ='s1'!$J$12 -> 59 | H10: ='s1'!$K$12 -> 79 | I10: ='s1'!$L$12 -> 87
F11: Day-12 | G11: ='s2'!$D$12 -> 90 | H11: ='s2'!$E$12 -> 79 | I11: ='s2'!$F$12 -> 98
F12: Day-12 | G12: ='s3'!$I$9 -> 59 | H12: ='s3'!$J$9 -> 76 | I12: ='s3'!$K$9 -> 87
E13: Amrita | G13: =SUM(G10:G12) -> 208 | H13: =SUM(H10:H12) -> 234 | I13: =SUM(I10:I12) -> 272
F14: Day-12 | G14: ='s1'!$J$13 -> 70 | H14: ='s1'!$K$13 -> 56 | I14: ='s1'!$L$13 -> 87
F15: Day-12 | G15: ='s2'!$D$13 -> 70 | H15: ='s2'!$E$13 -> 40 | I15: ='s2'!$F$13 -> 87
F16: Day-12 | G16: ='s3'!$I$10 -> 40 | H16: ='s3'!$J$10 -> 50 | I16: ='s3'!$K$10 -> 87
E17: Sayan | G17: =SUM(G14:G16) -> 180 | H17: =SUM(H14:H16) -> 146 | I17: =SUM(I14:I16) -> 261
F18: Day-12 | G18: ='s1'!$J$14 -> 40 | H18: ='s1'!$K$14 -> 80 | I18: ='s1'!$L$14 -> 65
F19: Day-12 | G19: ='s2'!$D$14 -> 40 | H19: ='s2'!$E$14 -> 70 | I19: ='s2'!$F$14 -> 49
F20: Day-12 | G20: ='s3'!$I$11 -> 40 | H20: ='s3'!$J$11 -> 80 | I20: ='s3'!$K$11 -> 89
E21: Dipa | G21: =SUM(G18:G20) -> 120 | H21: =SUM(H18:H20) -> 230 | I21: =SUM(I18:I20) -> 203

Sheet validation
B2: Number | T2: Name
T3: Ram | U3: =AND(ISTEXT(T3),LEN(T3)>=3,LEN(T3)<=10) -> TRUE
F4: 123 | H4: Name | I4: Emp ID | J4: Phone | K4: Interview Date
F5: 45 | H5: ADITYA | I5: 101 | J5: 1234567890 | K5: 46323 | N5: =EXACT(UPPER(H5),H5) -> TRUE | O5: =COUNTIF($I$5:$I$12,I5) -> 1 | P5: =AND(ISNUMBER(J5),LEN(J5)=10) -> TRUE | Q5: =WEEKDAY(K5,2)<=5 -> TRUE
F6: 26
F7: 78
F8: 987
