Workbook

Sheet Employees
A1: EmployeeID | B1: FirstName | C1: LastName | D1: Gender | E1: Age | F1: DepartmentID | G1: JobTitle | H1: HireDate | I1: Salary | J1: City | K1: Email | L1: Status | M1: Rating
A2: E0001 | B2: Amit | C2: Dutta | D2: Female | E2: 30 | F2: D01 | G2: Analyst | H2: 2019-02-21 | I2: 105257 | J2: Kolkata | K2: amit.dutta1@example.com | L2: Active | M2: =VLOOKUP(Employees!A2,Performance!A1:E501,3,0) -> 1
A3: E0002 | B3: Amit | C3: Roy | D3: Male | E3: 48 | F3: D03 | G3: Executive | H3: 2021-12-18 | I3: 97903 | J3: Kolkata | K3: amit.roy2@example.com | L3: Active | M3: =VLOOKUP(Employees!A3,Performance!A2:E502,3,0) -> 4
A4: E0003 | B4: Rohit | C4: Roy | D4: Male | E4: 48 | F4: D04 | G4: Coordinator | H4: 2020-07-25 | I4: 73429 | J4: Pune | K4: rohit.roy3@example.com | L4: Inactive | M4: =VLOOKUP(Employees!A4,Performance!A3:E503,3,0) -> 2
A5: E0004 | B5: David | C5: Dutta | D5: Female | E5: 50 | F5: D05 | G5: Manager | H5: 2021-08-05 | I5: 99336 | J5: Pune | K5: david.dutta4@example.com | L5: Active | M5: =VLOOKUP(Employees!A5,Performance!A4:E504,3,0) -> 4
A6: E0005 | B6: Jane | C6: Ghosh | D6: Male | E6: 60 | F6: D01 | G6: Coordinator | H6: 2020-06-08 | I6: 105020 | J6: Pune | K6: jane.ghosh5@example.com | L6: Active | M6: =VLOOKUP(Employees!A6,Performance!A5:E505,3,0) -> 2
A7: E0006 | B7: Rahul | C7: Dutta | D7: Male | E7: 33 | F7: D02 | G7: Coordinator | H7: 2019-08-04 | I7: 93173 | J7: Pune | K7: rahul.dutta6@example.com | L7: Active | M7: =VLOOKUP(Employees!A7,Performance!A6:E506,3,0) -> 3
A8: E0007 | B8: Sara | C8: Ghosh | D8: Male | E8: 52 | F8: D05 | G8: Analyst | H8: 2021-01-23 | I8: 106626 | J8: Pune | K8: sara.ghosh7@example.com | L8: Active | M8: =VLOOKUP(Employees!A8,Performance!A7:E507,3,0) -> 2
A9: E0008 | B9: John | C9: Dutta | D9: Female | E9: 42 | F9: D02 | G9: Manager | H9: 2020-05-27 | I9: 114547 | J9: Delhi | K9: john.dutta8@example.com | L9: Inactive | M9: =VLOOKUP(Employees!A9,Performance!A8:E508,3,0) -> 1
A10: E0009 | B10: John | C10: Singh | D10: Female | E10: 40 | F10: D01 | G10: Coordinator | H10: 2022-04-30 | I10: 51139 | J10: Bengaluru | K10: john.singh9@example.com | L10: Inactive | M10: =VLOOKUP(Employees!A10,Performance!A9:E509,3,0) -> 4
A11: E0010 | B11: Amit | C11: Roy | D11: Female | E11: 25 | F11: D05 | G11: Analyst | H11: 2018-12-23 | I11: 60673 | J11: Bengaluru | K11: amit.roy10@example.com | L11: Inactive | M11: =VLOOKUP(Employees!A11,Performance!A10:E510,3,0) -> 5 | S11: .
A12: E0011 | B12: Anita | C12: Roy | D12: Female | E12: 25 | F12: D05 | G12: Coordinator | H12: 2021-06-09 | I12: 65690 | J12: Kolkata | K12: anita.roy11@example.com | L12: Inactive | M12: =VLOOKUP(Employees!A12,Performance!A11:E511,3,0) -> 3
A13: E0012 | B13: Rohit | C13: Ghosh | D13: Male | E13: 49 | F13: D03 | G13: Executive | H13: 2019-02-24 | I13: 63823 | J13: Bengaluru | K13: rohit.ghosh12@example.com | L13: Active | M13: =VLOOKUP(Employees!A13,Performance!A12:E512,3,0) -> 2
A14: E0013 | B14: Rohit | C14: Khan | D14: Female | E14: 56 | F14: D05 | G14: Analyst | H14: 2022-03-31 | I14: 49557 | J14: Mumbai | K14: rohit.khan13@example.com | L14: Inactive | M14: =VLOOKUP(Employees!A14,Performance!A13:E513,3,0) -> 3
A15: E0014 | B15: Rohit | C15: Sen | D15: Male | E15: 44 | F15: D01 | G15: Coordinator | H15: 2022-09-23 | I15: 116901 | J15: Bengaluru | K15: rohit.sen14@example.com | L15: Active | M15: =VLOOKUP(Employees!A15,Performance!A14:E514,3,0) -> 2
A16: E0015 | B16: David | C16: Sen | D16: Female | E16: 55 | F16: D02 | G16: Analyst | H16: 2018-07-03 | I16: 85190 | J16: Delhi | K16: david.sen15@example.com | L16: Inactive | M16: =VLOOKUP(Employees!A16,Performance!A15:E515,3,0) -> 4
A17: E0016 | B17: Sara | C17: Paul | D17: Female | E17: 30 | F17: D04 | G17: Coordinator | H17: 2024-04-11 | I17: 95723 | J17: Bengaluru | K17: sara.paul16@example.com | L17: Inactive | M17: =VLOOKUP(Employees!A17,Performance!A16:E516,3,0) -> 2
A18: E0017 | B18: Priya | C18: Smith | D18: Female | E18: 51 | F18: D04 | G18: Executive | H18: 2019-04-23 | I18: 35234 | J18: Delhi | K18: priya.smith17@example.com | L18: Inactive | M18: =VLOOKUP(Employees!A18,Performance!A17:E517,3,0) -> 1
A19: E0018 | B19: John | C19: Roy | D19: Male | E19: 38 | F19: D01 | G19: Executive | H19: 2018-07-10 | I19: 102733 | J19: Kolkata | K19: john.roy18@example.com | L19: Inactive | M19: =VLOOKUP(Employees!A19,Performance!A18:E518,3,0) -> 4
A20: E0019 | B20: Rohit | C20: Khan | D20: Female | E20: 46 | F20: D01 | G20: Manager | H20: 2022-08-16 | I20: 76829 | J20: Bengaluru | K20: rohit.khan19@example.com | L20: Active | M20: =VLOOKUP(Employees!A20,Performance!A19:E519,3,0) -> 5
A21: E0020 | B21: Priya | C21: Dutta | D21: Male | E21: 60 | F21: D05 | G21: Coordinator | H21: 2018-03-22 | I21: 69718 | J21: Pune | K21: priya.dutta20@example.com | L21: Inactive | M21: =VLOOKUP(Employees!A21,Performance!A20:E520,3,0) -> 5
A22: E0021 | B22: Priya | C22: Sen | D22: Female | E22: 24 | F22: D04 | G22: Specialist | H22: 2021-09-22 | I22: 90834 | J22: Mumbai | K22: priya.sen21@example.com | L22: Active | M22: =VLOOKUP(Employees!A22,Performance!A21:E521,3,0) -> 1
A23: E0022 | B23: Amit | C23: Dutta | D23: Male | E23: 51 | F23: D01 | G23: Specialist | H23: 2022-11-19 | I23: 51631 | J23: Bengaluru | K23: amit.dutta22@example.com | L23: Inactive | M23: =VLOOKUP(Employees!A23,Performance!A22:E522,3,0) -> 5
... A501: E0500 | B501: David | C501: Singh | D501: Male | E501: 58 | F501: D05 | G501: Executive | H501: 2021-01-15 | I501: 42662 | J501: Bengaluru | K501: david.singh500@example.com | L501: Active | M501: =VLOOKUP(Employees!A501,Performance!A500:E1000,3,0) -> 3

Sheet Departments
A1: DepartmentID | B1: DepartmentName | C1: Manager | D1: Average Rating
A2: D01 | B2: HR | C2: Alice | D2: =AVERAGEIF(Performance!$F$2:$F$501,Departments!A2,Performance!$C$2:$C$501) -> 2.9719626
A3: D02 | B3: Finance | C3: Bob | D3: =AVERAGEIF(Performance!$F$2:$F$501,Departments!A3,Performance!$C$2:$C$501) -> 3.0277778
A4: D03 | B4: IT | C4: Carol | D4: =AVERAGEIF(Performance!$F$2:$F$501,Departments!A4,Performance!$C$2:$C$501) -> 3
A5: D04 | B5: Sales | C5: Dan | D5: =AVERAGEIF(Performance!$F$2:$F$501,Departments!A5,Performance!$C$2:$C$501) -> 3.0420168
A6: D05 | B6: Marketing | C6: Eva | D6: =AVERAGEIF(Performance!$F$2:$F$501,Departments!A6,Performance!$C$2:$C$501) -> 2.8433735

Sheet Performance
A1: EmployeeID | B1: ReviewYear | C1: Rating | D1: TrainingHours | E1: ProjectsCompleted | F1: Department ID
A2: E0001 | B2: 2026 | C2: 1 | D2: 4 | E2: 2 | F2: =_xlfn.XLOOKUP(A2,Employees!A1:A501,Employees!F1:F501) -> D01
A3: E0002 | B3: 2026 | C3: 4 | D3: 5 | E3: 7 | F3: =_xlfn.XLOOKUP(A3,Employees!A2:A502,Employees!F2:F502) -> D03
A4: E0003 | B4: 2026 | C4: 2 | D4: 29 | E4: 5 | F4: =_xlfn.XLOOKUP(A4,Employees!A3:A503,Employees!F3:F503) -> D04
A5: E0004 | B5: 2026 | C5: 4 | D5: 18 | E5: 6 | F5: =_xlfn.XLOOKUP(A5,Employees!A4:A504,Employees!F4:F504) -> D05
A6: E0005 | B6: 2026 | C6: 2 | D6: 48 | E6: 2 | F6: =_xlfn.XLOOKUP(A6,Employees!A5:A505,Employees!F5:F505) -> D01
A7: E0006 | B7: 2026 | C7: 3 | D7: 14 | E7: 5 | F7: =_xlfn.XLOOKUP(A7,Employees!A6:A506,Employees!F6:F506) -> D02
A8: E0007 | B8: 2026 | C8: 2 | D8: 19 | E8: 3 | F8: =_xlfn.XLOOKUP(A8,Employees!A7:A507,Employees!F7:F507) -> D05
A9: E0008 | B9: 2026 | C9: 1 | D9: 4 | E9: 2 | F9: =_xlfn.XLOOKUP(A9,Employees!A8:A508,Employees!F8:F508) -> D02
A10: E0009 | B10: 2026 | C10: 4 | D10: 59 | E10: 0 | F10: =_xlfn.XLOOKUP(A10,Employees!A9:A509,Employees!F9:F509) -> D01
A11: E0010 | B11: 2026 | C11: 5 | D11: 27 | E11: 2 | F11: =_xlfn.XLOOKUP(A11,Employees!A10:A510,Employees!F10:F510) -> D05
A12: E0011 | B12: 2026 | C12: 3 | D12: 42 | E12: 3 | F12: =_xlfn.XLOOKUP(A12,Employees!A11:A511,Employees!F11:F511) -> D05
A13: E0012 | B13: 2026 | C13: 2 | D13: 59 | E13: 3 | F13: =_xlfn.XLOOKUP(A13,Employees!A12:A512,Employees!F12:F512) -> D03
... A501: E0500 | B501: 2026 | C501: 3 | D501: 47 | E501: 8 | F501: =_xlfn.XLOOKUP(A501,Employees!A500:A1000,Employees!F500:F1000) -> D05
