Workbook

Sheet Products
A1: ProductID | B1: Product | C1: Price | D1: Ordered/Not Ordered
A2: 101 | B2: Product A | C2: 120 | D2: =IF(ISNA(VLOOKUP(A2,Orders!$B$1:$B$8,1,0)),"No","Yes") -> Yes
A3: 102 | B3: Product B | C3: 150 | D3: =IF(ISNA(VLOOKUP(A3,Orders!$B$1:$B$8,1,0)),"No","Yes") -> Yes
A4: 103 | B4: Product C | C4: 200 | D4: =IF(ISNA(VLOOKUP(A4,Orders!$B$1:$B$8,1,0)),"No","Yes") -> Yes
A5: 104 | B5: Product D | C5: 90 | D5: =IF(ISNA(VLOOKUP(A5,Orders!$B$1:$B$8,1,0)),"No","Yes") -> Yes
A6: 105 | B6: Product E | C6: 220 | D6: =IF(ISNA(VLOOKUP(A6,Orders!$B$1:$B$8,1,0)),"No","Yes") -> Yes
A7: 106 | B7: Product F | C7: 130 | D7: =IF(ISNA(VLOOKUP(A7,Orders!$B$1:$B$8,1,0)),"No","Yes") -> Yes
A8: 107 | B8: Product G | C8: 140 | D8: =IF(ISNA(VLOOKUP(A8,Orders!$B$1:$B$8,1,0)),"No","Yes") -> No

Sheet Orders
A1: OrderID | B1: ProductID | C1: Quantity | D1: Product Name | E1: Price | F1: TotalPrice | G1: Valid ProductID | H1: Discounted Price
A2: 1 | B2: 101 | C2: 2 | D2: =VLOOKUP(B2,Products!$A$1:$C$8,2,0) -> Product A | E2: =VLOOKUP(B2,Products!$A$1:$C$8,3,0) -> 120 | F2: =C2*E2 -> 240 | G2: =IF(ISNA(VLOOKUP(B2,Products!$A$1:$C$8,1,0)),"Not Valid","Valid") -> Valid | H2: =VLOOKUP(B2,Products!$A$1:$C$8,3,0)*(1-10%) -> 108
A3: 2 | B3: 103 | C3: 1 | D3: =VLOOKUP(B3,Products!$A$1:$C$8,2,0) -> Product C | E3: =VLOOKUP(B3,Products!$A$1:$C$8,3,0) -> 200 | F3: =C3*E3 -> 200 | G3: =IF(ISNA(VLOOKUP(B3,Products!$A$1:$C$8,1,0)),"Not Valid","Valid") -> Valid | H3: =VLOOKUP(B3,Products!$A$1:$C$8,3,0)*(1-10%) -> 180 | K3: 1. Use VLOOKUP to find the product names for each ProductID in the Orders worksheet.
A4: 3 | B4: 105 | C4: 4 | D4: =VLOOKUP(B4,Products!$A$1:$C$8,2,0) -> Product E | E4: =VLOOKUP(B4,Products!$A$1:$C$8,3,0) -> 220 | F4: =C4*E4 -> 880 | G4: =IF(ISNA(VLOOKUP(B4,Products!$A$1:$C$8,1,0)),"Not Valid","Valid") -> Valid | H4: =VLOOKUP(B4,Products!$A$1:$C$8,3,0)*(1-10%) -> 198 | K4: 2. Use VLOOKUP to find the price for each ProductID in the Orders worksheet, then calculate the TotalPrice by multiplying the Quantity by the Product Price.
A5: 4 | B5: 106 | C5: 3 | D5: =VLOOKUP(B5,Products!$A$1:$C$8,2,0) -> Product F | E5: =VLOOKUP(B5,Products!$A$1:$C$8,3,0) -> 130 | F5: =C5*E5 -> 390 | G5: =IF(ISNA(VLOOKUP(B5,Products!$A$1:$C$8,1,0)),"Not Valid","Valid") -> Valid | H5: =VLOOKUP(B5,Products!$A$1:$C$8,3,0)*(1-10%) -> 117 | K5: 3. Use VLOOKUP to check if there are any ProductIDs in the Orders worksheet that do not exist in the Products worksheet.
A6: 5 | B6: 102 | C6: 5 | D6: =VLOOKUP(B6,Products!$A$1:$C$8,2,0) -> Product B | E6: =VLOOKUP(B6,Products!$A$1:$C$8,3,0) -> 150 | F6: =C6*E6 -> 750 | G6: =IF(ISNA(VLOOKUP(B6,Products!$A$1:$C$8,1,0)),"Not Valid","Valid") -> Valid | H6: =VLOOKUP(B6,Products!$A$1:$C$8,3,0)*(1-10%) -> 135 | K6: 4. Assume a discount of 10% is given on all products. Use VLOOKUP to find the original price and then calculate the discounted price.
A7: 6 | B7: 104 | C7: 6 | D7: =VLOOKUP(B7,Products!$A$1:$C$8,2,0) -> Product D | E7: =VLOOKUP(B7,Products!$A$1:$C$8,3,0) -> 90 | F7: =C7*E7 -> 540 | G7: =IF(ISNA(VLOOKUP(B7,Products!$A$1:$C$8,1,0)),"Not Valid","Valid") -> Valid | H7: =VLOOKUP(B7,Products!$A$1:$C$8,3,0)*(1-10%) -> 81 | K7: 5. Use VLOOKUP to find the price for each ProductID and then calculate the order value. Find the maximum order value from the list.
A8: 7 | B8: 101 | C8: 6 | D8: =VLOOKUP(B8,Products!$A$1:$C$8,2,0) -> Product A | E8: =VLOOKUP(B8,Products!$A$1:$C$8,3,0) -> 120 | F8: =C8*E8 -> 720 | G8: =IF(ISNA(VLOOKUP(B8,Products!$A$1:$C$8,1,0)),"Not Valid","Valid") -> Valid | H8: =VLOOKUP(B8,Products!$A$1:$C$8,3,0)*(1-10%) -> 108 | K8: 6. Use VLOOKUP to find out which products from the Products worksheet have not been ordered.
A9: 8 | B9: 105 | C9: 3 | D9: =VLOOKUP(B9,Products!$A$1:$C$8,2,0) -> Product E | E9: =VLOOKUP(B9,Products!$A$1:$C$8,3,0) -> 220 | F9: =C9*E9 -> 660 | G9: =IF(ISNA(VLOOKUP(B9,Products!$A$1:$C$8,1,0)),"Not Valid","Valid") -> Valid | H9: =VLOOKUP(B9,Products!$A$1:$C$8,3,0)*(1-10%) -> 198 | K9: 7. Use VLOOKUP to find the Product name and summarize the total quantity sold for each product.
F16: Product | G16: Total Quantity | H16: Total Price
F17: Product A | G17: =SUMIF($D$2:$D$9,F17,$C$2:$C$9) -> 8 | H17: =SUMIF($D$2:$D$9,F17,$F$2:$F$9) -> 960
F18: Product C | G18: =SUMIF($D$2:$D$9,F18,$C$2:$C$9) -> 1 | H18: =SUMIF($D$2:$D$9,F18,$F$2:$F$9) -> 200
F19: Product E | G19: =SUMIF($D$2:$D$9,F19,$C$2:$C$9) -> 7 | H19: =SUMIF($D$2:$D$9,F19,$F$2:$F$9) -> 1540
F20: Product F | G20: =SUMIF($D$2:$D$9,F20,$C$2:$C$9) -> 3 | H20: =SUMIF($D$2:$D$9,F20,$F$2:$F$9) -> 390
F21: Product B | G21: =SUMIF($D$2:$D$9,F21,$C$2:$C$9) -> 5 | H21: =SUMIF($D$2:$D$9,F21,$F$2:$F$9) -> 750
F22: Product D | G22: =SUMIF($D$2:$D$9,F22,$C$2:$C$9) -> 6 | H22: =SUMIF($D$2:$D$9,F22,$F$2:$F$9) -> 540
G25: Max Order Value | H25: =MAX(H17:H22) -> 1540
